,ACCURACY,precision,Recall,F1_score
0,0.9667913757858603,0.9371104241625703,0.9746481842618457,0.9555107735234847
