ACCURACY,0.955
precision,0.9775280898876404
Recall,0.925531914893617
F1_score,0.9508196721311475
